,Overall,Name,Position,Team_x,Times Drafted,Std. Dev,High,Low,Bye,match_name,age,all_td,fumbles,fumbles_lost,g,gs,pass_att,pass_cmp,pass_int,pass_td,pass_yds,player,pos,rec,rec_td,rec_yds,rec_yds_per_rec,rush_att,rush_td,rush_yds,rush_yds_per_att,targets,two_pt_md,two_pt_pass,Team Def,Player_x,SACK,INT,FR,FF,DEF TD,SFTY,SPC TD,Team_y,Player_y,FG,FGA,PCT,LG,1-19,20-29,30-39,40-49,50+,XPT,XPA
0,1.9,Saquon Barkley ,RB,NYG,185,0.8,1,4,11,saquonbarkley,21.0,15.0,0.0,0.0,16.0,16.0,0.0,0.0,0.0,0.0,0.0,Saquon Barkley,RB,91.0,4.0,721.0,7.92,261.0,11.0,1307.0,5.01,121.0,1.0,,,,,,,,,,,,,,,,,,,,,,,
1,2.4,Alvin Kamara ,RB,NO,90,0.8,1,4,6,alvinkamara,23.0,18.0,1.0,0.0,15.0,13.0,0.0,0.0,0.0,0.0,0.0,Alvin Kamara,RB,81.0,4.0,709.0,8.75,194.0,14.0,883.0,4.55,105.0,3.0,,,,,,,,,,,,,,,,,,,,,,,
2,3.6,Christian McCaffrey ,RB,CAR,112,1.1,1,6,13,christianmccaffrey,22.0,13.0,4.0,1.0,16.0,16.0,1.0,1.0,0.0,1.0,50.0,Christian McCaffrey ,RB,107.0,6.0,867.0,8.1,219.0,7.0,1098.0,5.01,124.0,,,,,,,,,,,,,,,,,,,,,,,,
3,3.8,Ezekiel Elliott ,RB,DAL,67,1.0,1,6,10,ezekielelliott,23.0,9.0,6.0,1.0,15.0,15.0,0.0,0.0,0.0,0.0,0.0,Ezekiel Elliott,RB,77.0,3.0,567.0,7.36,304.0,6.0,1434.0,4.72,95.0,,,,,,,,,,,,,,,,,,,,,,,,
4,6.1,   James Conner ,RB,PIT,79,1.6,1,12,8,jamesconner,23.0,13.0,4.0,2.0,13.0,12.0,0.0,0.0,0.0,0.0,0.0,James Conner,RB,55.0,1.0,497.0,9.04,215.0,12.0,973.0,4.53,71.0,2.0,,,,,,,,,,,,,,,,,,,,,,,
5,6.1,DeAndre Hopkins ,WR,HOU,105,1.8,1,12,8,deandrehopkins,26.0,11.0,2.0,2.0,16.0,16.0,1.0,0.0,0.0,0.0,0.0,DeAndre Hopkins,WR,115.0,11.0,1572.0,13.67,1.0,0.0,-7.0,-7.0,163.0,,,,,,,,,,,,,,,,,,,,,,,,
6,7.2,LeVeon Bell ,RB,NYJ,88,2.1,1,13,11,leveonbell,,,,,,,,,,,,,,,,,,,,,,,,,,,,,,,,,,,,,,,,,,,,,,
7,7.2,Nick Chubb ,RB,CLE,105,2.0,4,15,9,nickchubb,23.0,10.0,0.0,0.0,16.0,9.0,0.0,0.0,0.0,0.0,0.0,Nick Chubb,RB,20.0,2.0,149.0,7.45,192.0,8.0,996.0,5.19,29.0,,,,,,,,,,,,,,,,,,,,,,,,
8,9.2,Davante Adams ,WR,GB,108,2.0,4,16,5,davanteadams,26.0,13.0,0.0,0.0,15.0,15.0,0.0,0.0,0.0,0.0,0.0,Davante Adams,WR,111.0,13.0,1386.0,12.49,0.0,0.0,0.0,,169.0,1.0,,,,,,,,,,,,,,,,,,,,,,,
9,10.6,Dalvin Cook ,RB,MIN,115,2.1,5,15,7,dalvincook,23.0,4.0,2.0,2.0,11.0,10.0,0.0,0.0,0.0,0.0,0.0,Dalvin Cook,RB,40.0,2.0,305.0,7.63,133.0,2.0,615.0,4.62,49.0,,,,,,,,,,,,,,,,,,,,,,,,
10,10.9,Julio Jones ,WR,ATL,93,2.1,5,16,10,juliojones,29.0,8.0,2.0,2.0,16.0,16.0,0.0,0.0,0.0,0.0,0.0,Julio Jones ,WR,113.0,8.0,1677.0,14.84,2.0,0.0,12.0,6.0,170.0,,,,,,,,,,,,,,,,,,,,,,,,
11,11.4,Todd Gurley ,RB,LAR,117,2.3,6,18,9,toddgurley,24.0,21.0,1.0,1.0,14.0,14.0,0.0,0.0,0.0,0.0,0.0,Todd Gurley,RB,59.0,4.0,580.0,9.83,256.0,17.0,1251.0,4.89,81.0,3.0,,,,,,,,,,,,,,,,,,,,,,,
12,12.9,Tyreek Hill ,WR,KC,120,2.4,6,17,10,tyreekhill,24.0,14.0,0.0,0.0,16.0,16.0,0.0,0.0,0.0,0.0,0.0,Tyreek Hill,WR,87.0,12.0,1479.0,17.0,22.0,1.0,151.0,6.86,137.0,,,,,,,,,,,,,,,,,,,,,,,,
13,12.9,Michael Thomas ,WR,NO,127,2.2,7,19,6,michaelthomas,25.0,9.0,2.0,2.0,16.0,16.0,0.0,0.0,0.0,0.0,0.0,Michael Thomas,WR,125.0,9.0,1405.0,11.24,0.0,0.0,0.0,,147.0,,,,,,,,,,,,,,,,,,,,,,,,
14,14.2,David Johnson ,RB,ARI,225,4.4,5,27,8,davidjohnson,27.0,10.0,3.0,2.0,16.0,16.0,0.0,0.0,0.0,0.0,0.0,David Johnson,RB,50.0,3.0,446.0,8.92,258.0,7.0,940.0,3.64,76.0,1.0,,,,,,,,,,,,,,,,,,,,,,,
15,14.9,Odell Beckham  Jr,WR,CLE,149,2.2,10,21,9,odellbeckhamjr,26.0,6.0,2.0,1.0,12.0,12.0,2.0,2.0,0.0,2.0,106.0,Odell Beckham Jr.,WR,77.0,6.0,1052.0,13.66,5.0,0.0,19.0,3.8,124.0,,,,,,,,,,,,,,,,,,,,,,,,
16,15.9,JuJu Smith-Schuster ,WR,PIT,125,2.3,11,22,8,jujusmithschuster,22.0,7.0,1.0,1.0,16.0,13.0,0.0,0.0,0.0,0.0,0.0,JuJu Smith-Schuster,WR,111.0,7.0,1426.0,12.85,1.0,0.0,13.0,13.0,166.0,1.0,,,,,,,,,,,,,,,,,,,,,,,
17,16.4,Patrick Mahomes,QB,KC,94,7.1,1,27,10,patrickmahomes,23.0,2.0,9.0,2.0,16.0,16.0,580.0,383.0,12.0,50.0,5097.0,Patrick Mahomes ,QB,0.0,0.0,0.0,,60.0,2.0,272.0,4.53,0.0,1.0,,,,,,,,,,,,,,,,,,,,,,,
18,16.4,Joe Mixon ,RB,CIN,119,3.4,7,23,9,joemixon,22.0,9.0,0.0,0.0,14.0,13.0,0.0,0.0,0.0,0.0,0.0,Joe Mixon,RB,43.0,1.0,296.0,6.88,237.0,8.0,1168.0,4.93,55.0,,,,,,,,,,,,,,,,,,,,,,,,
19,17.8,Travis Kelce ,TE,KC,114,3.5,8,24,10,traviskelce,29.0,10.0,2.0,1.0,16.0,16.0,0.0,0.0,0.0,0.0,0.0,Travis Kelce,TE,103.0,10.0,1336.0,12.97,0.0,0.0,0.0,,150.0,,,,,,,,,,,,,,,,,,,,,,,,
20,20.3,Leonard Fournette ,RB,JAX,111,2.7,13,27,7,leonardfournette,23.0,6.0,0.0,0.0,8.0,8.0,0.0,0.0,0.0,0.0,0.0,Leonard Fournette ,RB,22.0,1.0,185.0,8.41,133.0,5.0,439.0,3.3,26.0,,,,,,,,,,,,,,,,,,,,,,,,
21,21.5,Mike Evans ,WR,TB,133,2.0,16,28,13,mikeevans,25.0,9.0,2.0,1.0,16.0,16.0,0.0,0.0,0.0,0.0,0.0,Mike Evans,WR,86.0,8.0,1524.0,17.72,0.0,0.0,0.0,,138.0,,,,,,,,,,,,,,,,,,,,,,,,
22,22.9,Chris Carson ,RB,SEA,127,3.0,15,30,6,chriscarson,24.0,9.0,3.0,2.0,14.0,14.0,0.0,0.0,0.0,0.0,0.0,Chris Carson,RB,20.0,0.0,163.0,8.15,247.0,9.0,1151.0,4.66,24.0,,,,,,,,,,,,,,,,,,,,,,,,
23,23.3,Antonio Brown ,WR,NE,129,3.0,15,30,6,antoniobrown,30.0,15.0,0.0,0.0,15.0,15.0,1.0,0.0,0.0,0.0,0.0,Antonio Brown ,WR,104.0,15.0,1297.0,12.47,0.0,0.0,0.0,,168.0,,,,,,,,,,,,,,,,,,,,,,,,
24,24.6,Damien Williams ,RB,KC,66,3.0,17,34,10,damienwilliams,26.0,6.0,1.0,1.0,16.0,3.0,0.0,0.0,0.0,0.0,0.0,Damien Williams ,RB,23.0,2.0,160.0,6.96,50.0,4.0,256.0,5.12,24.0,,,,,,,,,,,,,,,,,,,,,,,,
25,25.5,Aaron Jones ,RB,GB,112,3.7,15,33,5,aaronjones,24.0,9.0,1.0,1.0,12.0,8.0,0.0,0.0,0.0,0.0,0.0,Aaron Jones,RB,26.0,1.0,206.0,7.92,133.0,8.0,728.0,5.47,35.0,,,,,,,,,,,,,,,,,,,,,,,,
26,26.0,Adam Thielen ,WR,MIN,109,2.7,18,32,7,adamthielen,28.0,9.0,1.0,1.0,16.0,16.0,0.0,0.0,0.0,0.0,0.0,Adam Thielen,WR,113.0,9.0,1373.0,12.15,5.0,0.0,30.0,6.0,153.0,1.0,,,,,,,,,,,,,,,,,,,,,,,
27,27.8,Keenan Allen ,WR,LAC,91,2.5,21,35,10,keenanallen,26.0,6.0,3.0,1.0,16.0,14.0,0.0,0.0,0.0,0.0,0.0,Keenan Allen,WR,97.0,6.0,1196.0,12.33,9.0,0.0,75.0,8.33,136.0,1.0,,,,,,,,,,,,,,,,,,,,,,,
28,28.0,Josh Jacobs ,RB,LV,79,3.7,18,36,6,joshjacobs,,,,,,,,,,,,,,,,,,,,,,,,,,,,,,,,,,,,,,,,,,,,,,
29,28.5,Kerryon Johnson ,RB,DET,131,3.2,20,38,5,kerryonjohnson,21.0,4.0,1.0,1.0,10.0,7.0,0.0,0.0,0.0,0.0,0.0,Kerryon Johnson,RB,32.0,1.0,213.0,6.66,118.0,3.0,641.0,5.43,39.0,,,,,,,,,,,,,,,,,,,,,,,,
30,29.1,David Montgomery ,RB,CHI,103,3.3,20,36,11,davidmontgomery,,,,,,,,,,,,,,,,,,,,,,,,,,,,,,,,,,,,,,,,,,,,,,
31,31.1,George Kittle ,TE,SF,100,5.0,18,43,11,georgekittle,25.0,5.0,0.0,0.0,16.0,16.0,0.0,0.0,0.0,0.0,0.0,George Kittle,TE,88.0,5.0,1377.0,15.65,1.0,0.0,10.0,10.0,136.0,1.0,,,,,,,,,,,,,,,,,,,,,,,
32,31.7,Devonta Freeman ,RB,ATL,164,3.6,22,39,10,devontafreeman,26.0,0.0,0.0,0.0,2.0,2.0,0.0,0.0,0.0,0.0,0.0,Devonta Freeman ,RB,5.0,0.0,23.0,4.6,14.0,0.0,68.0,4.86,7.0,,,,,,,,,,,,,,,,,,,,,,,,
33,33.8,Sony Michel ,RB,NE,153,3.0,25,44,6,sonymichel,23.0,6.0,1.0,1.0,13.0,8.0,0.0,0.0,0.0,0.0,0.0,Sony Michel,RB,7.0,0.0,50.0,7.14,209.0,6.0,931.0,4.45,11.0,,,,,,,,,,,,,,,,,,,,,,,,
34,33.9,Amari Cooper ,WR,DAL,134,4.4,22,44,10,amaricooper,24.0,7.0,2.0,2.0,15.0,15.0,0.0,0.0,0.0,0.0,0.0,Amari Cooper,WR,75.0,7.0,1005.0,13.4,2.0,0.0,20.0,10.0,107.0,,,,,,,,,,,,,,,,,,,,,,,,
35,35.4,Derrick Henry ,RB,TEN,124,5.0,22,48,7,derrickhenry,24.0,12.0,1.0,1.0,16.0,12.0,3.0,2.0,0.0,0.0,14.0,Derrick Henry ,RB,15.0,0.0,99.0,6.6,215.0,12.0,1059.0,4.93,18.0,,,,,,,,,,,,,,,,,,,,,,,,
36,36.6,Stefon Diggs ,WR,MIN,109,3.9,26,45,7,stefondiggs,25.0,9.0,0.0,0.0,15.0,14.0,0.0,0.0,0.0,0.0,0.0,Stefon Diggs,WR,102.0,9.0,1021.0,10.01,10.0,0.0,62.0,6.2,149.0,1.0,,,,,,,,,,,,,,,,,,,,,,,
37,37.3,Zach Ertz ,TE,PHI,105,4.5,25,48,9,zachertz,28.0,8.0,1.0,0.0,16.0,16.0,0.0,0.0,0.0,0.0,0.0,Zach Ertz,TE,116.0,8.0,1163.0,10.03,0.0,0.0,0.0,,156.0,,,,,,,,,,,,,,,,,,,,,,,,
38,37.5,Mark Ingram ,RB,BAL,117,3.5,28,48,8,markingram,29.0,7.0,3.0,1.0,12.0,6.0,0.0,0.0,0.0,0.0,0.0,Mark Ingram,RB,21.0,1.0,170.0,8.1,138.0,6.0,645.0,4.67,27.0,,,,,,,,,,,,,,,,,,,,,,,,
39,38.9,Brandin Cooks ,WR,LAR,115,3.9,28,47,9,brandincooks,25.0,6.0,1.0,0.0,16.0,16.0,0.0,0.0,0.0,0.0,0.0,Brandin Cooks,WR,80.0,5.0,1204.0,15.05,10.0,1.0,68.0,6.8,117.0,,,,,,,,,,,,,,,,,,,,,,,,
40,40.3,Melvin Gordon ,RB,LAC,60,5.6,25,50,10,melvingordon,25.0,14.0,1.0,0.0,12.0,12.0,0.0,0.0,0.0,0.0,0.0,Melvin Gordon,RB,50.0,4.0,490.0,9.8,175.0,10.0,885.0,5.06,66.0,2.0,,,,,,,,,,,,,,,,,,,,,,,
41,41.5,Marlon Mack ,RB,IND,134,4.2,30,53,7,marlonmack,22.0,10.0,2.0,2.0,12.0,10.0,0.0,0.0,0.0,0.0,0.0,Marlon Mack,RB,17.0,1.0,103.0,6.06,195.0,9.0,908.0,4.66,26.0,2.0,,,,,,,,,,,,,,,,,,,,,,,
42,41.7,Deshaun Watson ,QB,HOU,65,7.3,23,54,8,deshaunwatson,23.0,5.0,9.0,3.0,16.0,16.0,505.0,345.0,9.0,26.0,4165.0,Deshaun Watson ,QB,0.0,0.0,0.0,,99.0,5.0,551.0,5.57,0.0,,,,,,,,,,,,,,,,,,,,,,,,
43,42.5,Tyler Lockett ,WR,SEA,119,3.1,34,50,6,tylerlockett,26.0,10.0,2.0,0.0,16.0,14.0,0.0,0.0,0.0,0.0,0.0,Tyler Lockett,WR,57.0,10.0,965.0,16.93,13.0,0.0,69.0,5.31,70.0,1.0,,,,,,,,,,,,,,,,,,,,,,,
44,43.3,Chris Godwin ,WR,TB,76,4.0,32,54,13,chrisgodwin,22.0,7.0,4.0,1.0,16.0,5.0,0.0,0.0,0.0,0.0,0.0,Chris Godwin,WR,59.0,7.0,842.0,14.27,0.0,0.0,0.0,,95.0,1.0,,,,,,,,,,,,,,,,,,,,,,,
45,44.0,Robert Woods ,WR,LAR,100,3.5,34,51,9,robertwoods,26.0,7.0,0.0,0.0,16.0,16.0,0.0,0.0,0.0,0.0,0.0,Robert Woods,WR,86.0,6.0,1219.0,14.17,19.0,1.0,157.0,8.26,130.0,,,,,,,,,,,,,,,,,,,,,,,,
46,46.0,Julian Edelman ,WR,NE,116,4.8,33,59,6,julianedelman,32.0,6.0,1.0,0.0,12.0,12.0,2.0,2.0,0.0,0.0,43.0,Julian Edelman,WR,74.0,6.0,850.0,11.49,9.0,0.0,107.0,11.89,108.0,,,,,,,,,,,,,,,,,,,,,,,,
47,47.1,Phillip Lindsay ,RB,DEN,113,5.6,32,63,8,philliplindsay,24.0,10.0,0.0,0.0,15.0,8.0,0.0,0.0,0.0,0.0,0.0,Phillip Lindsay,RB,35.0,1.0,241.0,6.89,192.0,9.0,1037.0,5.4,47.0,,,,,,,,,,,,,,,,,,,,,,,,
48,48.7,Tevin Coleman ,RB,SF,106,5.4,36,67,11,tevincoleman,25.0,9.0,2.0,0.0,16.0,14.0,0.0,0.0,0.0,0.0,0.0,Tevin Coleman,RB,32.0,5.0,276.0,8.63,167.0,4.0,800.0,4.79,44.0,,,,,,,,,,,,,,,,,,,,,,,,
49,49.1,   Cooper Kupp ,WR,LAR,76,4.4,37,58,9,cooperkupp,25.0,6.0,0.0,0.0,8.0,8.0,0.0,0.0,0.0,0.0,0.0,Cooper Kupp,WR,40.0,6.0,566.0,14.15,4.0,0.0,25.0,6.25,55.0,,,,,,,,,,,,,,,,,,,,,,,,
50,49.5,Miles Sanders ,RB,PHI,80,5.5,37,60,9,milessanders,,,,,,,,,,,,,,,,,,,,,,,,,,,,,,,,,,,,,,,,,,,,,,
51,50.4,Josh Gordon ,WR,SEA,97,4.6,38,62,6,joshgordon,27.0,4.0,0.0,0.0,12.0,12.0,0.0,0.0,0.0,0.0,0.0,Josh Gordon,WR,41.0,4.0,737.0,17.98,0.0,0.0,0.0,,71.0,,,,,,,,,,,,,,,,,,,,,,,,
52,52.0,T.Y. Hilton ,WR,IND,125,4.2,43,66,7,tyhilton,29.0,6.0,0.0,0.0,14.0,14.0,0.0,0.0,0.0,0.0,0.0,T.Y. Hilton,WR,76.0,6.0,1270.0,16.71,0.0,0.0,0.0,,120.0,,,,,,,,,,,,,,,,,,,,,,,,
53,52.2,Aaron Rodgers ,QB,GB,86,5.0,39,61,5,aaronrodgers,35.0,2.0,6.0,3.0,16.0,16.0,597.0,372.0,2.0,25.0,4442.0,Aaron Rodgers ,QB,0.0,0.0,0.0,,43.0,2.0,269.0,6.26,0.0,1.0,2.0,,,,,,,,,,,,,,,,,,,,,,
54,53.0,Kenny Golladay ,WR,DET,137,5.4,41,68,5,kennygolladay,25.0,5.0,1.0,0.0,15.0,13.0,0.0,0.0,0.0,0.0,0.0,Kenny Golladay,WR,70.0,5.0,1063.0,15.19,1.0,0.0,8.0,8.0,119.0,,,,,,,,,,,,,,,,,,,,,,,,
55,54.1,O.J. Howard ,TE,TB,62,5.9,38,65,13,ojhoward,24.0,5.0,0.0,0.0,10.0,8.0,0.0,0.0,0.0,0.0,0.0,O.J. Howard ,TE,34.0,5.0,565.0,16.62,0.0,0.0,0.0,,48.0,,,,,,,,,,,,,,,,,,,,,,,,
56,54.9,Mike Williams ,WR,LAC,96,4.3,43,65,10,mikewilliams,24.0,11.0,0.0,0.0,16.0,5.0,0.0,0.0,0.0,0.0,0.0,Mike Williams ,WR,43.0,10.0,664.0,15.44,7.0,1.0,28.0,4.0,66.0,1.0,,,,,,,,,,,,,,,,,,,,,,,
57,55.7,   Austin Ekeler ,RB,LAC,169,7.3,36,71,10,austinekeler,23.0,6.0,1.0,1.0,14.0,3.0,0.0,0.0,0.0,0.0,0.0,Austin Ekeler,RB,39.0,3.0,404.0,10.36,106.0,3.0,554.0,5.23,53.0,,,,,,,,,,,,,,,,,,,,,,,,
58,57.1,Duke Johnson ,RB,HOU,126,5.5,42,73,8,dukejohnson,25.0,3.0,1.0,0.0,16.0,2.0,0.0,0.0,0.0,0.0,0.0,Duke Johnson,RB,47.0,3.0,429.0,9.13,40.0,0.0,201.0,5.03,62.0,2.0,,,,,,,,,,,,,,,,,,,,,,,
59,58.5,   Baker Mayfield ,QB,CLE,75,9.5,33,71,9,bakermayfield,23.0,0.0,7.0,3.0,14.0,13.0,486.0,310.0,14.0,27.0,3725.0,Baker Mayfield,QB,0.0,0.0,0.0,,39.0,0.0,131.0,3.36,1.0,1.0,1.0,,,,,,,,,,,,,,,,,,,,,,
60,59.1,Calvin Ridley ,WR,ATL,108,4.8,48,69,10,calvinridley,24.0,10.0,2.0,1.0,16.0,5.0,0.0,0.0,0.0,0.0,0.0,Calvin Ridley,WR,64.0,10.0,821.0,12.83,6.0,0.0,27.0,4.5,92.0,,,,,,,,,,,,,,,,,,,,,,,,
61,60.0,Evan Engram ,TE,NYG,72,7.8,39,71,11,evanengram,24.0,3.0,0.0,0.0,11.0,8.0,0.0,0.0,0.0,0.0,0.0,Evan Engram ,TE,45.0,3.0,577.0,12.82,3.0,0.0,36.0,12.0,64.0,1.0,,,,,,,,,,,,,,,,,,,,,,,
62,61.4,A.J. Green ,WR,CIN,79,6.0,45,77,9,ajgreen,30.0,6.0,2.0,1.0,9.0,9.0,0.0,0.0,0.0,0.0,0.0,A.J. Green,WR,46.0,6.0,694.0,15.09,0.0,0.0,0.0,,77.0,,,,,,,,,,,,,,,,,,,,,,,,
63,62.2,Tyler Boyd ,WR,CIN,100,6.0,46,84,9,tylerboyd,24.0,7.0,0.0,0.0,14.0,14.0,1.0,0.0,0.0,0.0,0.0,Tyler Boyd,WR,76.0,7.0,1028.0,13.53,2.0,0.0,3.0,1.5,108.0,,,,,,,,,,,,,,,,,,,,,,,,
64,62.4,Matt Ryan ,QB,ATL,55,5.6,49,77,10,mattryan,33.0,4.0,10.0,5.0,16.0,16.0,608.0,422.0,7.0,35.0,4924.0,Matt Ryan,QB,1.0,1.0,5.0,5.0,33.0,3.0,125.0,3.79,1.0,,2.0,,,,,,,,,,,,,,,,,,,,,,
65,63.3,Derrius Guice ,RB,WAS,143,5.6,48,80,8,derriusguice,,,,,,,,,,,,,,,,,,,,,,,,,,,,,,,,,,,,,,,,,,,,,,
66,63.9,Hunter Henry ,TE,LAC,74,5.7,48,73,10,hunterhenry,24.0,0.0,0.0,0.0,0.0,0.0,0.0,0.0,0.0,0.0,0.0,Hunter Henry ,,0.0,0.0,0.0,,0.0,0.0,0.0,,0.0,,,,,,,,,,,,,,,,,,,,,,,,
67,66.6,   James White ,RB,NE,95,8.5,44,82,6,jameswhite,26.0,12.0,0.0,0.0,16.0,3.0,0.0,0.0,0.0,0.0,0.0,James White ,RB,87.0,7.0,751.0,8.63,94.0,5.0,425.0,4.52,123.0,,,,,,,,,,,,,,,,,,,,,,,,
68,67.1,Dede Westbrook ,WR,JAX,132,5.5,52,83,7,dedewestbrook,25.0,6.0,3.0,2.0,16.0,9.0,1.0,0.0,0.0,0.0,0.0,Dede Westbrook,WR,66.0,5.0,717.0,10.86,9.0,0.0,98.0,10.89,101.0,,,,,,,,,,,,,,,,,,,,,,,,
69,69.3,Drew Brees ,QB,NO,55,13.9,33,83,6,drewbrees,39.0,4.0,5.0,1.0,15.0,15.0,489.0,364.0,5.0,32.0,3992.0,Drew Brees,QB,1.0,0.0,1.0,1.0,31.0,4.0,22.0,0.71,1.0,,1.0,,,,,,,,,,,,,,,,,,,,,,
70,69.6,D.J. Moore ,WR,CAR,95,5.8,54,82,13,djmoore,21.0,2.0,4.0,3.0,16.0,10.0,0.0,0.0,0.0,0.0,0.0,D.J. Moore,WR,55.0,2.0,788.0,14.33,13.0,0.0,172.0,13.23,82.0,,,,,,,,,,,,,,,,,,,,,,,,
71,69.9,   Carson Wentz ,QB,PHI,71,6.7,52,88,9,carsonwentz,26.0,0.0,9.0,6.0,11.0,11.0,401.0,279.0,7.0,21.0,3074.0,Carson Wentz ,QB,1.0,0.0,4.0,4.0,34.0,0.0,93.0,2.74,1.0,,1.0,,,,,,,,,,,,,,,,,,,,,,
72,70.6,Latavius Murray ,RB,NO,116,6.7,53,87,6,lataviusmurray,28.0,6.0,0.0,0.0,16.0,6.0,0.0,0.0,0.0,0.0,0.0,Latavius Murray,RB,22.0,0.0,141.0,6.41,140.0,6.0,578.0,4.13,26.0,1.0,,,,,,,,,,,,,,,,,,,,,,,
73,70.9,Alshon Jeffery ,WR,PHI,99,6.9,52,88,9,alshonjeffery,28.0,6.0,1.0,0.0,13.0,13.0,0.0,0.0,0.0,0.0,0.0,Alshon Jeffery,WR,65.0,6.0,843.0,12.97,0.0,0.0,0.0,,92.0,,,,,,,,,,,,,,,,,,,,,,,,
74,72.9,Jared Cook ,TE,NO,53,4.5,64,83,6,jaredcook,31.0,6.0,0.0,0.0,16.0,14.0,0.0,0.0,0.0,0.0,0.0,Jared Cook,TE,68.0,6.0,896.0,13.18,0.0,0.0,0.0,,101.0,,,,,,,,,,,,,,,,,,,,,,,,
75,73.6,Robby Anderson ,WR,NYJ,69,6.1,57,88,11,robbyanderson,25.0,6.0,2.0,2.0,14.0,9.0,0.0,0.0,0.0,0.0,0.0,Robby Anderson,WR,50.0,6.0,752.0,15.04,2.0,0.0,-8.0,-4.0,94.0,,,,,,,,,,,,,,,,,,,,,,,,
76,75.2,   Allen Robinson ,WR,CHI,92,6.2,63,92,11,allenrobinson,25.0,4.0,1.0,1.0,13.0,12.0,0.0,0.0,0.0,0.0,0.0,Allen Robinson,WR,55.0,4.0,754.0,13.71,1.0,0.0,9.0,9.0,94.0,,,,,,,,,,,,,,,,,,,,,,,,
77,76.3,Jarvis Landry ,WR,CLE,91,7.4,56,92,9,jarvislandry,26.0,5.0,1.0,1.0,16.0,14.0,2.0,1.0,0.0,0.0,63.0,Jarvis Landry,WR,81.0,4.0,976.0,12.05,3.0,1.0,60.0,20.0,149.0,,1.0,,,,,,,,,,,,,,,,,,,,,,
78,77.8,Vance McDonald ,TE,PIT,56,6.4,62,98,8,vancemcdonald,28.0,4.0,2.0,1.0,15.0,14.0,0.0,0.0,0.0,0.0,0.0,Vance McDonald,TE,50.0,4.0,610.0,12.2,0.0,0.0,0.0,,72.0,,,,,,,,,,,,,,,,,,,,,,,,
79,78.0,Tony Pollard ,RB,DAL,60,7.8,60,93,10,tonypollard,,,,,,,,,,,,,,,,,,,,,,,,,,,,,,,,,,,,,,,,,,,,,,
80,78.5,Kenyan Drake ,RB,ARI,102,6.8,61,93,8,kenyandrake,24.0,9.0,2.0,1.0,16.0,7.0,0.0,0.0,0.0,0.0,0.0,Kenyan Drake,RB,53.0,5.0,477.0,9.0,120.0,4.0,535.0,4.46,73.0,,,,,,,,,,,,,,,,,,,,,,,,
81,79.5,Darwin Thompson ,RB,KC,29,7.2,68,94,10,darwinthompson,,,,,,,,,,,,,,,,,,,,,,,,,,,,,,,,,,,,,,,,,,,,,,
82,80.3,Jared Goff ,QB,LAR,81,5.9,65,95,9,jaredgoff,24.0,3.0,12.0,5.0,16.0,16.0,561.0,364.0,12.0,32.0,4688.0,Jared Goff,QB,0.0,0.0,0.0,,43.0,2.0,108.0,2.51,0.0,,3.0,,,,,,,,,,,,,,,,,,,,,,
83,80.4,Will Fuller ,WR,HOU,101,6.6,63,103,8,willfuller,24.0,4.0,0.0,0.0,7.0,7.0,0.0,0.0,0.0,0.0,0.0,Will Fuller,WR,32.0,4.0,503.0,15.72,0.0,0.0,0.0,,45.0,,,,,,,,,,,,,,,,,,,,,,,,
84,82.3,Matt Breida ,RB,SF,154,7.0,64,99,11,mattbreida,23.0,5.0,1.0,1.0,14.0,13.0,0.0,0.0,0.0,0.0,0.0,Matt Breida,RB,27.0,2.0,261.0,9.67,153.0,3.0,814.0,5.32,31.0,,,,,,,,,,,,,,,,,,,,,,,,
85,83.8,David Njoku ,TE,CLE,37,7.9,69,101,9,davidnjoku,22.0,4.0,0.0,0.0,16.0,14.0,0.0,0.0,0.0,0.0,0.0,David Njoku ,TE,56.0,4.0,639.0,11.41,0.0,0.0,0.0,,88.0,,,,,,,,,,,,,,,,,,,,,,,,
86,84.1,Tarik Cohen ,RB,CHI,89,9.9,58,101,11,tarikcohen,23.0,8.0,7.0,3.0,16.0,7.0,1.0,1.0,0.0,1.0,1.0,Tarik Cohen,RB,71.0,5.0,725.0,10.21,99.0,3.0,444.0,4.48,91.0,,,,,,,,,,,,,,,,,,,,,,,,
87,86.0,Emmanuel Sanders ,WR,SF,118,7.1,67,99,11,emmanuelsanders,31.0,5.0,1.0,0.0,12.0,12.0,1.0,1.0,0.0,1.0,28.0,Emmanuel Sanders ,WR,71.0,4.0,868.0,12.23,4.0,1.0,53.0,13.25,98.0,,,,,,,,,,,,,,,,,,,,,,,,
88,86.4,Devin Singletary ,RB,BUF,192,12.8,53,106,11,devinsingletary,,,,,,,,,,,,,,,,,,,,,,,,,,,,,,,,,,,,,,,,,,,,,,
89,86.6,Russell Wilson ,QB,SEA,40,8.0,73,106,6,russellwilson,30.0,0.0,10.0,2.0,16.0,16.0,427.0,280.0,7.0,35.0,3448.0,Russell Wilson ,QB,1.0,0.0,-11.0,-11.0,67.0,0.0,376.0,5.61,1.0,,1.0,,,,,,,,,,,,,,,,,,,,,,
90,88.2,Lamar Jackson ,QB,BAL,61,12.3,56,110,8,lamarjackson,21.0,5.0,12.0,4.0,16.0,7.0,170.0,99.0,3.0,6.0,1201.0,Lamar Jackson,QB,0.0,0.0,0.0,,147.0,5.0,695.0,4.73,2.0,,,,,,,,,,,,,,,,,,,,,,,,
91,88.8,Curtis Samuel ,WR,CAR,100,7.5,69,106,13,curtissamuel,22.0,7.0,1.0,1.0,13.0,8.0,0.0,0.0,0.0,0.0,0.0,Curtis Samuel ,WR,39.0,5.0,494.0,12.67,8.0,2.0,84.0,10.5,65.0,,,,,,,,,,,,,,,,,,,,,,,,
92,88.9,Chicago Defense,DEF,CHI,86,11.7,58,101,11,chicagodefense,,,,,,,,,,,,,,,,,,,,,,,,,CHI,Chicago Bears (CHI),32.0,10.0,9.0,12.0,1.0,1.0,1.0,CHI,,,,,,,,,,,,
93,90.9,LeSean McCoy ,RB,KC,127,13.1,56,108,10,leseanmccoy,30.0,3.0,0.0,0.0,14.0,13.0,0.0,0.0,0.0,0.0,0.0,LeSean McCoy,RB,34.0,0.0,238.0,7.0,161.0,3.0,514.0,3.19,46.0,,,,,,,,,,,,,,,,,,,,,,,,
94,91.1,Sammy Watkins ,WR,KC,67,6.8,73,105,10,sammywatkins,25.0,3.0,1.0,0.0,10.0,9.0,0.0,0.0,0.0,0.0,0.0,Sammy Watkins,WR,40.0,3.0,519.0,12.98,5.0,0.0,52.0,10.4,55.0,,,,,,,,,,,,,,,,,,,,,,,,
95,91.6,Christian Kirk ,WR,ARI,85,7.9,71,106,8,christiankirk,22.0,3.0,0.0,0.0,12.0,7.0,0.0,0.0,0.0,0.0,0.0,Christian Kirk,WR,43.0,3.0,590.0,13.72,3.0,0.0,35.0,11.67,68.0,,,,,,,,,,,,,,,,,,,,,,,,
96,91.9,Rashaad Penny ,RB,SEA,58,7.5,72,103,6,rashaadpenny,22.0,2.0,0.0,0.0,14.0,0.0,0.0,0.0,0.0,0.0,0.0,Rashaad Penny,RB,9.0,0.0,75.0,8.33,85.0,2.0,419.0,4.93,12.0,,,,,,,,,,,,,,,,,,,,,,,,
97,92.6,Darrell Henderson ,RB,LAR,49,6.7,75,103,9,darrellhenderson,,,,,,,,,,,,,,,,,,,,,,,,,,,,,,,,,,,,,,,,,,,,,,
98,97.8,Cam Newton ,QB,CAR,98,8.5,75,115,13,camnewton,29.0,4.0,6.0,0.0,14.0,14.0,471.0,320.0,13.0,24.0,3395.0,Cam Newton,QB,0.0,0.0,0.0,,101.0,4.0,488.0,4.83,0.0,,2.0,,,,,,,,,,,,,,,,,,,,,,
99,98.6,Marvin Jones ,WR,DET,65,6.1,82,108,5,marvinjones,28.0,5.0,0.0,0.0,9.0,9.0,0.0,0.0,0.0,0.0,0.0,Marvin Jones ,WR,35.0,5.0,508.0,14.51,0.0,0.0,0.0,,62.0,,,,,,,,,,,,,,,,,,,,,,,,
100,98.7,Delanie Walker ,TE,TEN,46,14.0,78,132,7,delaniewalker,34.0,0.0,0.0,0.0,1.0,1.0,0.0,0.0,0.0,0.0,0.0,Delanie Walker,TE,4.0,0.0,52.0,13.0,0.0,0.0,0.0,,7.0,,,,,,,,,,,,,,,,,,,,,,,,
101,98.8,Jordan Howard ,RB,PHI,42,9.2,74,110,9,jordanhoward,24.0,9.0,2.0,1.0,16.0,15.0,0.0,0.0,0.0,0.0,0.0,Jordan Howard,RB,20.0,0.0,145.0,7.25,250.0,9.0,935.0,3.74,26.0,,,,,,,,,,,,,,,,,,,,,,,,
102,99.0,Sterling Shepard ,WR,NYG,80,10.2,72,113,11,sterlingshepard,25.0,4.0,1.0,0.0,16.0,16.0,0.0,0.0,0.0,0.0,0.0,Sterling Shepard,WR,66.0,4.0,872.0,13.21,3.0,0.0,33.0,11.0,107.0,1.0,,,,,,,,,,,,,,,,,,,,,,,
103,102.2,Kareem Hunt ,RB,CLE,42,9.7,77,117,9,kareemhunt,23.0,14.0,0.0,0.0,11.0,11.0,0.0,0.0,0.0,0.0,0.0,Kareem Hunt,RB,26.0,7.0,378.0,14.54,181.0,7.0,824.0,4.55,35.0,,,,,,,,,,,,,,,,,,,,,,,,
104,102.5,   James Washington ,WR,PIT,73,9.0,79,116,8,jameswashington,22.0,1.0,0.0,0.0,14.0,6.0,0.0,0.0,0.0,0.0,0.0,James Washington,WR,16.0,1.0,217.0,13.56,0.0,0.0,0.0,,38.0,,,,,,,,,,,,,,,,,,,,,,,,
105,102.6,Marquez Valdes-Scantling ,WR,GB,110,6.7,85,115,5,marquezvaldesscantling,24.0,2.0,0.0,0.0,16.0,10.0,0.0,0.0,0.0,0.0,0.0,Marquez Valdes-Scantling,WR,38.0,2.0,581.0,15.29,2.0,0.0,29.0,14.5,73.0,,,,,,,,,,,,,,,,,,,,,,,,
106,102.9,Kyler Murray ,QB,ARI,67,8.6,80,120,8,kylermurray,,,,,,,,,,,,,,,,,,,,,,,,,,,,,,,,,,,,,,,,,,,,,,
107,104.3,Philip Rivers ,QB,LAC,75,10.2,79,124,10,philiprivers,37.0,0.0,2.0,1.0,16.0,16.0,508.0,347.0,12.0,32.0,4308.0,Philip Rivers,QB,0.0,0.0,0.0,,18.0,0.0,7.0,0.39,0.0,,5.0,,,,,,,,,,,,,,,,,,,,,,
108,104.8,Jameis Winston ,QB,TB,80,9.2,80,119,13,jameiswinston,24.0,1.0,7.0,3.0,11.0,9.0,378.0,244.0,14.0,19.0,2992.0,Jameis Winston,QB,0.0,0.0,0.0,,49.0,1.0,281.0,5.73,0.0,,,,,,,,,,,,,,,,,,,,,,,,
109,105.4,LA Rams Defense,DEF,LAR,63,5.7,94,116,9,laramsdefense,,,,,,,,,,,,,,,,,,,,,,,,,LAR,Los Angeles Rams (LAR),50.0,13.0,11.0,13.0,4.0,1.0,0.0,LAR,,,,,,,,,,,,
110,108.4,Royce Freeman ,RB,DEN,54,8.6,86,130,8,roycefreeman,22.0,5.0,1.0,1.0,14.0,8.0,0.0,0.0,0.0,0.0,0.0,Royce Freeman,RB,14.0,0.0,72.0,5.14,130.0,5.0,521.0,4.01,20.0,,,,,,,,,,,,,,,,,,,,,,,,
111,108.5,Corey Davis ,WR,TEN,73,8.3,86,123,7,coreydavis,23.0,4.0,1.0,0.0,16.0,16.0,0.0,0.0,0.0,0.0,0.0,Corey Davis ,WR,65.0,4.0,891.0,13.71,6.0,0.0,55.0,9.17,112.0,,,,,,,,,,,,,,,,,,,,,,,,
112,109.8,Jacksonville Defense,DEF,JAX,36,15.7,68,123,7,jacksonvilledefense,,,,,,,,,,,,,,,,,,,,,,,,,JAX,,,,,,,,,,,,,,,,,,,,,
113,109.9,Eric Ebron ,TE,IND,45,17.4,73,142,7,ericebron,25.0,14.0,1.0,1.0,16.0,8.0,1.0,0.0,0.0,0.0,0.0,Eric Ebron,TE,66.0,13.0,750.0,11.36,3.0,1.0,-8.0,-2.67,110.0,,,,,,,,,,,,,,,,,,,,,,,,
114,111.3,Geronimo Allison ,WR,GB,67,8.6,89,124,5,geronimoallison,24.0,2.0,1.0,0.0,5.0,4.0,0.0,0.0,0.0,0.0,0.0,Geronimo Allison,WR,20.0,2.0,303.0,15.15,0.0,0.0,0.0,,30.0,,,,,,,,,,,,,,,,,,,,,,,,
115,111.6,Michael Gallup ,WR,DAL,81,8.3,90,127,10,michaelgallup,22.0,2.0,0.0,0.0,16.0,8.0,0.0,0.0,0.0,0.0,0.0,Michael Gallup,WR,33.0,2.0,507.0,15.36,0.0,0.0,0.0,,68.0,1.0,,,,,,,,,,,,,,,,,,,,,,,
116,112.9,Ben Roethlisberger ,QB,PIT,96,11.2,83,133,8,benroethlisberger,36.0,3.0,7.0,2.0,16.0,16.0,675.0,452.0,16.0,34.0,5129.0,Ben Roethlisberger,QB,1.0,0.0,-1.0,-1.0,31.0,3.0,98.0,3.16,1.0,,4.0,,,,,,,,,,,,,,,,,,,,,,
117,114.2,Larry Fitzgerald ,WR,ARI,64,10.8,86,130,8,larryfitzgerald,35.0,6.0,0.0,0.0,16.0,16.0,1.0,1.0,0.0,1.0,32.0,Larry Fitzgerald,WR,69.0,6.0,734.0,10.64,0.0,0.0,0.0,,112.0,1.0,,,,,,,,,,,,,,,,,,,,,,,
118,114.3,Tom Brady ,QB,NE,76,17.4,69,135,6,tombrady,41.0,2.0,4.0,2.0,16.0,16.0,570.0,375.0,11.0,29.0,4355.0,Tom Brady ,QB,1.0,0.0,6.0,6.0,23.0,2.0,35.0,1.52,1.0,,,,,,,,,,,,,,,,,,,,,,,,
119,114.4,Adrian Peterson ,RB,WAS,42,7.6,94,129,8,adrianpeterson,33.0,8.0,3.0,2.0,16.0,16.0,0.0,0.0,0.0,0.0,0.0,Adrian Peterson,RB,20.0,1.0,208.0,10.4,251.0,7.0,1042.0,4.15,26.0,,,,,,,,,,,,,,,,,,,,,,,,
120,114.9,Baltimore Defense,DEF,BAL,27,11.3,85,129,8,baltimoredefense,,,,,,,,,,,,,,,,,,,,,,,,,BAL,Baltimore Ravens (BAL),37.0,13.0,12.0,15.0,6.0,1.0,0.0,BAL,,,,,,,,,,,,
121,115.5,Peyton Barber ,RB,TB,57,10.8,87,132,13,peytonbarber,24.0,6.0,1.0,1.0,16.0,16.0,0.0,0.0,0.0,0.0,0.0,Peyton Barber,RB,20.0,1.0,92.0,4.6,234.0,5.0,871.0,3.72,29.0,,,,,,,,,,,,,,,,,,,,,,,,
122,117.8,DeSean Jackson ,WR,PHI,55,8.6,95,133,9,deseanjackson,32.0,5.0,0.0,0.0,12.0,10.0,0.0,0.0,0.0,0.0,0.0,DeSean Jackson,WR,41.0,4.0,774.0,18.88,6.0,1.0,29.0,4.83,74.0,,,,,,,,,,,,,,,,,,,,,,,,
123,118.8,Justice Hill ,RB,BAL,92,10.2,92,139,8,justicehill,,,,,,,,,,,,,,,,,,,,,,,,,,,,,,,,,,,,,,,,,,,,,,
124,120.2,Dante Pettis ,WR,SF,57,8.7,97,134,11,dantepettis,23.0,5.0,2.0,0.0,12.0,7.0,0.0,0.0,0.0,0.0,0.0,Dante Pettis,WR,27.0,5.0,467.0,17.3,1.0,0.0,-2.0,-2.0,45.0,,,,,,,,,,,,,,,,,,,,,,,,
125,122.4,Minnesota Defense,DEF,MIN,26,8.2,101,140,7,minnesotadefense,,,,,,,,,,,,,,,,,,,,,,,,,MIN,Minnesota Vikings (MIN),48.0,17.0,14.0,18.0,2.0,1.0,0.0,MIN,,,,,,,,,,,,
126,123.3,Justin Jackson ,RB,LAC,136,11.2,94,144,10,justinjackson,23.0,2.0,0.0,0.0,13.0,1.0,0.0,0.0,0.0,0.0,0.0,Justin Jackson,RB,15.0,0.0,135.0,9.0,50.0,2.0,206.0,4.12,19.0,,,,,,,,,,,,,,,,,,,,,,,,
127,123.9,Courtland Sutton ,WR,DEN,53,9.6,98,139,8,courtlandsutton,23.0,4.0,0.0,0.0,16.0,9.0,0.0,0.0,0.0,0.0,0.0,Courtland Sutton ,WR,42.0,4.0,704.0,16.76,1.0,0.0,-1.0,-1.0,84.0,,,,,,,,,,,,,,,,,,,,,,,,
128,126.4,D.K.   Metcalf ,WR,SEA,30,8.4,108,140,6,dkmetcalf,,,,,,,,,,,,,,,,,,,,,,,,,,,,,,,,,,,,,,,,,,,,,,
129,127.1,Donte Moncrief ,WR,CAR,48,8.7,104,141,13,dontemoncrief,25.0,3.0,1.0,1.0,16.0,14.0,0.0,0.0,0.0,0.0,0.0,Donte Moncrief,WR,48.0,3.0,668.0,13.92,0.0,0.0,0.0,,89.0,,,,,,,,,,,,,,,,,,,,,,,,
130,127.3,Dak Prescott ,QB,DAL,66,7.5,107,139,10,dakprescott,25.0,6.0,12.0,6.0,16.0,16.0,526.0,356.0,8.0,22.0,3885.0,Dak Prescott ,QB,0.0,0.0,0.0,,75.0,6.0,305.0,4.07,1.0,1.0,1.0,,,,,,,,,,,,,,,,,,,,,,
131,127.5,Kalen Ballage ,RB,MIA,73,8.9,108,147,11,kalenballage,23.0,1.0,1.0,1.0,12.0,0.0,0.0,0.0,0.0,0.0,0.0,Kalen Ballage,RB,9.0,0.0,56.0,6.22,36.0,1.0,191.0,5.31,11.0,,,,,,,,,,,,,,,,,,,,,,,,
132,127.5,  Cleveland  Defense,DEF,CLE,21,7.4,108,135,9,clevelanddefense,,,,,,,,,,,,,,,,,,,,,,,,,CLE,Cleveland Browns (CLE),38.0,14.0,6.0,12.0,1.0,0.0,0.0,CLE,,,,,,,,,,,,
133,128.6,Jaylen Samuels ,RB,PIT,73,10.3,101,146,8,jaylensamuels,22.0,3.0,1.0,0.0,14.0,3.0,0.0,0.0,0.0,0.0,0.0,Jaylen Samuels,RB,26.0,3.0,199.0,7.65,56.0,0.0,256.0,4.57,29.0,,,,,,,,,,,,,,,,,,,,,,,,
134,129.5,Alexander Mattison ,RB,MIN,81,10.3,102,147,7,alexandermattison,,,,,,,,,,,,,,,,,,,,,,,,,,,,,,,,,,,,,,,,,,,,,,
135,129.7,Mark Andrews ,TE,BAL,102,16.3,87,162,8,markandrews,22.0,3.0,0.0,0.0,16.0,3.0,0.0,0.0,0.0,0.0,0.0,Mark Andrews,TE,34.0,3.0,552.0,16.24,0.0,0.0,0.0,,50.0,,,,,,,,,,,,,,,,,,,,,,,,
136,130.3,Trey Burton ,TE,CHI,56,17.6,84,154,11,treyburton,27.0,6.0,1.0,1.0,16.0,16.0,0.0,0.0,0.0,0.0,0.0,Trey Burton,TE,54.0,6.0,569.0,10.54,1.0,0.0,2.0,2.0,76.0,1.0,,,,,,,,,,,,,,,,,,,,,,,
137,131.1,LA Chargers Defense,DEF,LAC,17,7.5,118,150,10,lachargersdefense,,,,,,,,,,,,,,,,,,,,,,,,,LAC,Los Angeles Chargers (LAC),30.0,11.0,3.0,5.0,0.0,0.0,1.0,LAC,,,,,,,,,,,,
138,131.5,   Kirk Cousins ,QB,MIN,59,9.7,106,143,7,kirkcousins,30.0,1.0,9.0,7.0,16.0,16.0,606.0,425.0,10.0,30.0,4298.0,Kirk Cousins ,QB,1.0,0.0,-1.0,-1.0,44.0,1.0,123.0,2.8,1.0,,3.0,,,,,,,,,,,,,,,,,,,,,,
139,133.1,Golden Tate ,WR,NYG,44,8.4,111,146,11,goldentate,30.0,4.0,3.0,0.0,15.0,7.0,0.0,0.0,0.0,0.0,0.0,Golden Tate,WR,74.0,4.0,795.0,10.74,4.0,0.0,34.0,8.5,113.0,1.0,,,,,,,,,,,,,,,,,,,,,,,
140,133.1,Mecole Hardman ,WR,KC,26,13.6,97,153,10,mecolehardman,,,,,,,,,,,,,,,,,,,,,,,,,,,,,,,,,,,,,,,,,,,,,,
141,134.6,Tyrell Williams ,WR,LV,60,8.6,113,150,6,tyrellwilliams,26.0,5.0,2.0,0.0,16.0,10.0,0.0,0.0,0.0,0.0,0.0,Tyrell Williams,WR,41.0,5.0,653.0,15.93,2.0,0.0,15.0,7.5,65.0,,,,,,,,,,,,,,,,,,,,,,,,
142,134.6,Anthony Miller ,WR,CHI,31,9.0,116,150,11,anthonymiller,24.0,7.0,1.0,0.0,15.0,4.0,1.0,1.0,0.0,0.0,8.0,Anthony Miller,WR,33.0,7.0,423.0,12.82,6.0,0.0,26.0,4.33,54.0,,,,,,,,,,,,,,,,,,,,,,,,
143,135.3,   John Brown ,WR,BUF,43,8.2,115,145,11,johnbrown,28.0,5.0,0.0,0.0,16.0,15.0,0.0,0.0,0.0,0.0,0.0,John Brown,WR,42.0,5.0,715.0,17.02,3.0,0.0,4.0,1.33,97.0,,,,,,,,,,,,,,,,,,,,,,,,
144,138.4,Mitch   Trubisky ,QB,CHI,38,6.8,122,150,11,mitchtrubisky,,,,,,,,,,,,,,,,,,,,,,,,,,,,,,,,,,,,,,,,,,,,,,
145,140.3,  Dallas  Defense,DEF,DAL,34,10.1,113,159,10,dallasdefense,,,,,,,,,,,,,,,,,,,,,,,,,DAL,Dallas Cowboys (DAL),39.0,7.0,10.0,13.0,1.0,0.0,0.0,DAL,,,,,,,,,,,,
146,143.8,Carlos Hyde ,RB,HOU,122,18.5,95,171,8,carloshyde,28.0,5.0,2.0,1.0,14.0,7.0,0.0,0.0,0.0,0.0,0.0,Carlos Hyde,RB,10.0,0.0,33.0,3.3,172.0,5.0,571.0,3.32,16.0,,,,,,,,,,,,,,,,,,,,,,,,
147,144.8,Josh Allen ,QB,BUF,42,10.9,116,172,11,joshallen,22.0,8.0,8.0,2.0,12.0,11.0,320.0,169.0,12.0,10.0,2074.0,Josh Allen ,QB,0.0,0.0,0.0,,89.0,8.0,631.0,7.09,1.0,,1.0,,,,,,,,,,,,,,,,,,,,,,
148,144.8,Greg Zuerlein ,PK,LAR,168,9.9,119,157,9,gregzuerlein,,,,,,,,,,,,,,,,,,,,,,,,,,,,,,,,,,,Greg Zuerlein (DAL),27.0,31.0,87.1,56.0,0.0,9.0,10.0,4.0,4.0,35.0,36.0
149,145.1,Denver Defense,DEF,DEN,32,9.8,119,171,8,denverdefense,,,,,,,,,,,,,,,,,,,,,,,,,DEN,Denver Broncos (DEN),40.0,10.0,6.0,8.0,1.0,0.0,0.0,DEN,,,,,,,,,,,,
150,146.0,Harrison Butker ,PK,KC,41,13.7,110,160,10,harrisonbutker,,,,,,,,,,,,,,,,,,,,,,,,,,,,,,,,,,,Harrison Butker (KC),24.0,27.0,88.9,54.0,0.0,9.0,7.0,6.0,2.0,65.0,69.0
151,146.2,New England Defense,DEF,NE,44,12.4,114,175,6,newenglanddefense,,,,,,,,,,,,,,,,,,,,,,,,,NE,New England Patriots (NE),47.0,25.0,11.0,14.0,5.0,1.0,2.0,NE,,,,,,,,,,,,
152,148.2,Damien Harris ,RB,NE,40,11.1,119,170,6,damienharris,,,,,,,,,,,,,,,,,,,,,,,,,,,,,,,,,,,,,,,,,,,,,,
153,149.0,Keke Coutee ,WR,HOU,28,14.6,123,170,8,kekecoutee,21.0,1.0,0.0,0.0,6.0,2.0,0.0,0.0,0.0,0.0,0.0,Keke Coutee,WR,28.0,1.0,287.0,10.25,3.0,0.0,0.0,0.0,41.0,,,,,,,,,,,,,,,,,,,,,,,,
154,149.2,   Austin Hooper ,TE,ATL,129,21.1,94,180,10,austinhooper,24.0,4.0,0.0,0.0,16.0,7.0,0.0,0.0,0.0,0.0,0.0,Austin Hooper,TE,71.0,4.0,660.0,9.3,0.0,0.0,0.0,,88.0,1.0,,,,,,,,,,,,,,,,,,,,,,,
155,149.4,Justin Tucker ,PK,BAL,87,8.6,126,159,8,justintucker,,,,,,,,,,,,,,,,,,,,,,,,,,,,,,,,,,,Justin Tucker (BAL),35.0,39.0,89.7,56.0,0.0,12.0,9.0,9.0,5.0,36.0,37.0
156,149.7,T.J. Hockenson ,TE,DET,122,20.6,96,180,5,tjhockenson,,,,,,,,,,,,,,,,,,,,,,,,,,,,,,,,,,,,,,,,,,,,,,
157,150.1,Ronald Jones  II,RB,TB,31,17.1,105,174,13,ronaldjonesii,21.0,1.0,0.0,0.0,9.0,0.0,0.0,0.0,0.0,0.0,0.0,Ronald Jones II,RB,7.0,0.0,33.0,4.71,23.0,1.0,44.0,1.91,9.0,,,,,,,,,,,,,,,,,,,,,,,,
158,150.7,Jamison Crowder ,WR,NYJ,43,13.2,121,172,11,jamisoncrowder,25.0,2.0,0.0,0.0,9.0,7.0,0.0,0.0,0.0,0.0,0.0,Jamison Crowder,WR,29.0,2.0,388.0,13.38,4.0,0.0,30.0,7.5,49.0,,,,,,,,,,,,,,,,,,,,,,,,
159,153.7,Jimmy Garoppolo ,QB,SF,39,11.3,136,179,11,jimmygaroppolo,27.0,0.0,4.0,0.0,3.0,3.0,89.0,53.0,3.0,5.0,718.0,Jimmy Garoppolo,QB,0.0,0.0,0.0,,8.0,0.0,33.0,4.13,0.0,,1.0,,,,,,,,,,,,,,,,,,,,,,
160,153.7,Ito Smith ,RB,ATL,57,15.3,119,178,10,itosmith,23.0,4.0,1.0,0.0,14.0,0.0,0.0,0.0,0.0,0.0,0.0,Ito Smith,RB,27.0,0.0,152.0,5.63,90.0,4.0,315.0,3.5,32.0,,,,,,,,,,,,,,,,,,,,,,,,
161,154.2,Stephen Gostkowski ,PK,NE,25,14.1,121,169,6,stephengostkowski,,,,,,,,,,,,,,,,,,,,,,,,,,,,,,,,,,,Stephen Gostkowski (TEN),27.0,32.0,84.4,52.0,0.0,11.0,10.0,4.0,2.0,49.0,50.0
162,155.0,Derek Carr ,QB,LV,28,13.4,126,180,6,derekcarr,27.0,1.0,12.0,7.0,16.0,16.0,553.0,381.0,10.0,19.0,4049.0,Derek Carr,QB,1.0,0.0,-9.0,-9.0,24.0,1.0,47.0,1.96,1.0,,1.0,,,,,,,,,,,,,,,,,,,,,,
163,155.0,Dion Lewis ,RB,TEN,40,14.3,121,176,7,dionlewis,28.0,2.0,1.0,1.0,16.0,7.0,0.0,0.0,0.0,0.0,0.0,Dion Lewis,RB,59.0,1.0,400.0,6.78,155.0,1.0,517.0,3.34,67.0,,,,,,,,,,,,,,,,,,,,,,,,
164,155.1,Jordan Reed ,TE,WAS,20,24.9,97,180,8,jordanreed,28.0,2.0,1.0,1.0,13.0,8.0,0.0,0.0,0.0,0.0,0.0,Jordan Reed,TE,54.0,2.0,558.0,10.33,0.0,0.0,0.0,,84.0,,,,,,,,,,,,,,,,,,,,,,,,
165,156.1,Greg Olsen ,TE,CAR,63,24.7,91,180,13,gregolsen,33.0,4.0,0.0,0.0,9.0,9.0,0.0,0.0,0.0,0.0,0.0,Greg Olsen,TE,27.0,4.0,291.0,10.78,0.0,0.0,0.0,,38.0,,,,,,,,,,,,,,,,,,,,,,,,
166,156.8,N'Keal Harry ,WR,NE,14,16.3,121,175,6,nkealharry,,,,,,,,,,,,,,,,,,,,,,,,,,,,,,,,,,,,,,,,,,,,,,
167,156.8,CJ Anderson ,RB,FA,18,13.4,139,177,12,cjanderson,27.0,3.0,0.0,0.0,11.0,3.0,0.0,0.0,0.0,0.0,0.0,C.J. Anderson,RB,5.0,1.0,41.0,8.2,67.0,2.0,403.0,6.01,9.0,,,,,,,,,,,,,,,,,,,,,,,,
168,157.2,Marquise Goodwin ,WR,SF,37,10.9,139,176,11,marquisegoodwin,28.0,4.0,1.0,0.0,11.0,8.0,0.0,0.0,0.0,0.0,0.0,Marquise Goodwin,WR,23.0,4.0,395.0,17.17,4.0,0.0,9.0,2.25,43.0,,,,,,,,,,,,,,,,,,,,,,,,
169,157.3,Ty Montgomery ,RB,NYJ,15,19.0,112,180,11,tymontgomery,25.0,1.0,2.0,1.0,13.0,0.0,0.0,0.0,0.0,0.0,0.0,Ty Montgomery,WR,25.0,0.0,235.0,9.4,41.0,1.0,188.0,4.59,40.0,,,,,,,,,,,,,,,,,,,,,,,,
170,159.2,Wil Lutz ,PK,NO,35,3.9,149,167,6,willutz,,,,,,,,,,,,,,,,,,,,,,,,,,,,,,,,,,,Wil Lutz (NO),28.0,30.0,93.3,54.0,1.0,5.0,9.0,11.0,2.0,52.0,53.0
171,159.5,Dare Ogunbowale ,RB,TB,15,22.8,103,183,13,dareogunbowale,24.0,0.0,0.0,0.0,2.0,0.0,0.0,0.0,0.0,0.0,0.0,Dare Ogunbowale,,0.0,0.0,0.0,,0.0,0.0,0.0,,0.0,,,,,,,,,,,,,,,,,,,,,,,,
172,160.1,Kenny Stills ,WR,HOU,18,14.2,135,179,8,kennystills,26.0,6.0,1.0,0.0,15.0,15.0,1.0,1.0,0.0,1.0,3.0,Kenny Stills,WR,37.0,6.0,553.0,14.95,0.0,0.0,0.0,,64.0,1.0,,,,,,,,,,,,,,,,,,,,,,,
173,160.2,Kaimi Fairbairn ,PK,HOU,28,10.9,131,177,8,kaimifairbairn,,,,,,,,,,,,,,,,,,,,,,,,,,,,,,,,,,,Ka'imi Fairbairn (HOU),37.0,42.0,88.1,54.0,1.0,9.0,11.0,12.0,4.0,39.0,41.0
174,162.3,Sam Darnold ,QB,NYJ,17,13.6,129,180,11,samdarnold,21.0,1.0,5.0,2.0,13.0,13.0,414.0,239.0,15.0,17.0,2865.0,Sam Darnold ,QB,0.0,0.0,0.0,,44.0,1.0,138.0,3.14,0.0,,,,,,,,,,,,,,,,,,,,,,,,
175,162.5,Seattle Defense,DEF,SEA,80,14.4,125,180,6,seattledefense,,,,,,,,,,,,,,,,,,,,,,,,,SEA,Seattle Seahawks (SEA),28.0,16.0,16.0,18.0,3.0,0.0,0.0,SEA,,,,,,,,,,,,
176,162.5,Tre'Quan Smith ,WR,NO,19,10.3,145,178,6,trequansmith,22.0,5.0,0.0,0.0,15.0,7.0,0.0,0.0,0.0,0.0,0.0,Tre'Quan Smith,WR,28.0,5.0,427.0,15.25,0.0,0.0,0.0,,44.0,,,,,,,,,,,,,,,,,,,,,,,,
177,162.7,Philadelphia Defense,DEF,PHI,87,11.5,132,180,9,philadelphiadefense,,,,,,,,,,,,,,,,,,,,,,,,,PHI,Philadelphia Eagles (PHI),43.0,11.0,9.0,15.0,3.0,0.0,0.0,PHI,,,,,,,,,,,,
178,163.3,Deebo Samuel ,WR,SF,20,8.1,154,179,11,deebosamuel,,,,,,,,,,,,,,,,,,,,,,,,,,,,,,,,,,,,,,,,,,,,,,
179,163.6,Miles Boykin ,WR,BAL,23,14.9,124,180,8,milesboykin,,,,,,,,,,,,,,,,,,,,,,,,,,,,,,,,,,,,,,,,,,,,,,
180,164.4,Jacoby Brissett ,QB,IND,16,11.3,135,175,7,jacobybrissett,26.0,0.0,0.0,0.0,4.0,0.0,4.0,2.0,0.0,0.0,2.0,Jacoby Brissett,QB,0.0,0.0,0.0,,7.0,0.0,-7.0,-1.0,0.0,,,,,,,,,,,,,,,,,,,,,,,,
181,164.9,Robbie Gould ,PK,SF,19,4.0,161,174,11,robbiegould,,,,,,,,,,,,,,,,,,,,,,,,,,,,,,,,,,,Robbie Gould (SF),33.0,34.0,97.1,53.0,0.0,9.0,13.0,9.0,2.0,27.0,29.0
182,165.4,Matthew Stafford ,QB,DET,29,12.7,140,186,5,matthewstafford,30.0,0.0,6.0,4.0,16.0,16.0,555.0,367.0,11.0,21.0,3777.0,Matthew Stafford,QB,0.0,0.0,0.0,,25.0,0.0,71.0,2.84,0.0,,,,,,,,,,,,,,,,,,,,,,,,
183,166.9,Malcolm Brown ,RB,LAR,30,14.1,130,180,9,malcolmbrown,25.0,1.0,0.0,0.0,12.0,0.0,0.0,0.0,0.0,0.0,0.0,Malcolm Brown ,RB,5.0,1.0,52.0,10.4,43.0,0.0,212.0,4.93,7.0,1.0,,,,,,,,,,,,,,,,,,,,,,,
184,167.4,Houston Defense,DEF,HOU,29,12.2,136,180,8,houstondefense,,,,,,,,,,,,,,,,,,,,,,,,,HOU,Houston Texans (HOU),31.0,12.0,10.0,14.0,2.0,0.0,0.0,HOU,,,,,,,,,,,,
185,168.0,Jake Elliott ,PK,PHI,17,5.1,162,179,9,jakeelliott,,,,,,,,,,,,,,,,,,,,,,,,,,,,,,,,,,,Jake Elliott (PHI),26.0,31.0,83.9,56.0,0.0,7.0,10.0,7.0,2.0,33.0,35.0
186,168.7,Michael Badgley ,PK,LAC,17,4.8,162,179,10,michaelbadgley,,,,,,,,,,,,,,,,,,,,,,,,,,,,,,,,,,,Michael Badgley (LAC),15.0,16.0,93.8,59.0,0.0,4.0,5.0,5.0,1.0,27.0,28.0
187,169.8,Mason Crosby ,PK,GB,24,2.8,166,176,5,masoncrosby,,,,,,,,,,,,,,,,,,,,,,,,,,,,,,,,,,,Mason Crosby (GB),30.0,37.0,81.1,53.0,0.0,4.0,10.0,11.0,5.0,34.0,36.0
188,170.1,Mohamed Sanu ,WR,NE,17,10.6,142,180,6,mohamedsanu,29.0,4.0,2.0,1.0,16.0,16.0,2.0,1.0,0.0,1.0,5.0,Mohamed Sanu,WR,66.0,4.0,838.0,12.7,7.0,0.0,44.0,6.29,94.0,1.0,,,,,,,,,,,,,,,,,,,,,,,
189,171.2,Matt Prater ,PK,DET,13,5.2,163,178,5,mattprater,,,,,,,,,,,,,,,,,,,,,,,,,,,,,,,,,,,Matt Prater (DET),28.0,32.0,87.5,54.0,0.0,8.0,12.0,5.0,3.0,30.0,30.0
190,171.8,Buffalo Defense,DEF,BUF,38,9.8,146,191,11,buffalodefense,,,,,,,,,,,,,,,,,,,,,,,,,BUF,Buffalo Bills (BUF),44.0,14.0,9.0,15.0,0.0,1.0,1.0,BUF,,,,,,,,,,,,
191,172.0,Brett Maher ,PK,DAL,32,10.4,145,186,10,brettmaher,,,,,,,,,,,,,,,,,,,,,,,,,,,,,,,,,,,Brett Maher (WAS),29.0,36.0,80.6,62.0,0.0,10.0,6.0,7.0,6.0,32.0,33.0
192,172.3,Dan Bailey,PK,MIN,18,4.8,166,180,7,danbailey,,,,,,,,,,,,,,,,,,,,,,,,,,,,,,,,,,,Dan Bailey (MIN),21.0,28.0,75.0,52.0,0.0,5.0,11.0,4.0,1.0,30.0,31.0
